<?xml version="1.0" encoding="UTF-8"?>
<project-private xmlns="http://www.netbeans.org/ns/project-private/1">
    <editor-bookmarks xmlns="http://www.netbeans.org/ns/editor-bookmarks/2" lastBookmarkId="0"/>
    <open-files xmlns="http://www.netbeans.org/ns/projectui-open-files/2">
        <group>
            <file>file:/C:/Users/Andre/OneDrive/Apps/NetBeansProjects/Game_Of_Life/GOL%202.5/src/Controller/GOL_Main.java</file>
            <file>file:/C:/Users/Andre/OneDrive/Apps/NetBeansProjects/Game_Of_Life/GOL%202.5/src/Model/PatternImport.java</file>
            <file>file:/C:/Users/Andre/OneDrive/Apps/NetBeansProjects/Game_Of_Life/GOL%202.5/src/Controller/Controller.java</file>
            <file>file:/C:/Users/Andre/OneDrive/Apps/NetBeansProjects/Game_Of_Life/GOL%202.5/src/Model/Rules.java</file>
            <file>file:/C:/Users/Andre/OneDrive/Apps/NetBeansProjects/Game_Of_Life/GOL%202.5/src/Model/GridAndCells.java</file>
            <file>file:/C:/Users/Andre/OneDrive/Apps/NetBeansProjects/Game_Of_Life/GOL%202.5/src/Model/RunLengthEncoding.java</file>
        </group>
    </open-files>
</project-private>
